صلى على أفضل خلق الله,عليه أفضل الصلاة والسلام
(Div. 3),https://codeforces.com/contest/1843
(Div. 1),https://codeforces.com/contest/1835
(Div. 2),https://codeforces.com/contest/1836
(Div. 2),https://codeforces.com/contest/1834
(Rated for Div. 2),https://codeforces.com/contest/1841
(Div. 3),https://codeforces.com/contest/1840
(Div. 2),https://codeforces.com/contest/1838
(Div. 2),https://codeforces.com/contest/1839
(Div. 1),https://codeforces.com/contest/1830
(Div. 2),https://codeforces.com/contest/1831
(Rated for Div. 2),https://codeforces.com/contest/1837
(Div. 3),https://codeforces.com/contest/1833
(Div. 1),https://codeforces.com/contest/1827
(Div. 2),https://codeforces.com/contest/1828
(Rated for Div. 2),https://codeforces.com/contest/1832
(Div. 1),https://codeforces.com/contest/1824
(Div. 2),https://codeforces.com/contest/1825
(Div. 4),https://codeforces.com/contest/1829
(Div. 2),https://codeforces.com/contest/1826
(Div. 1),https://codeforces.com/contest/1817
(Div. 2),https://codeforces.com/contest/1818
(Div. 2),https://codeforces.com/contest/1823
(Div. 3),https://codeforces.com/contest/1822
(Rated for Div. 2),https://codeforces.com/contest/1821
(Div. 1),https://codeforces.com/contest/1819
(Div. 2),https://codeforces.com/contest/1820
(ICPC 2023 Online Spring Challenge powered by Huawei,https://codeforces.com/contest/1813
(Div. 1),https://codeforces.com/contest/1815
(Div. 2),https://codeforces.com/contest/1816
(Div. 2),https://codeforces.com/contest/1797
(Rated for Div. 2),https://codeforces.com/contest/1814
(Div. 3),https://codeforces.com/contest/1811
(Div. 2),https://codeforces.com/contest/1805
(April Fools Day Contest 2023,https://codeforces.com/contest/1812
"(Div. 1 + Div. 2, Rated, Prizes!)",https://codeforces.com/contest/1810
(Div. 2),https://codeforces.com/contest/1808
(Div. 2),https://codeforces.com/contest/1798
(Rated for Div. 2),https://codeforces.com/contest/1809
(Div. 4),https://codeforces.com/contest/1807
(Div. 2),https://codeforces.com/contest/1806
(Div. 1 + Div. 2),https://codeforces.com/contest/1804
(Div. 1),https://codeforces.com/contest/1801
(Div. 2),https://codeforces.com/contest/1802
(Div. 2),https://codeforces.com/contest/1794
(Div. 3),https://codeforces.com/contest/1800
(Rated for Div. 2),https://codeforces.com/contest/1796
(Div. 1 + Div. 2),https://codeforces.com/contest/1799
(Div. 2),https://codeforces.com/contest/1789
"(Unrated, ICPC Rules, Teams Preferred)",https://codeforces.com/contest/1776
(Rated for Div. 2),https://codeforces.com/contest/1795
(Div. 2),https://codeforces.com/contest/1793
(Div. 2),https://codeforces.com/contest/1788
(Engine),https://codeforces.com/contest/1784
"(Div. 1, based on VK Cup 2022 - Final Round)",https://codeforces.com/contest/1785
"(Div. 2, based on VK Cup 2022 - Final Round)",https://codeforces.com/contest/1786
(Div. 4),https://codeforces.com/contest/1791
(Div. 2),https://codeforces.com/contest/1778
"(Div. 1 + Div. 2, Rated, Prizes!)",https://codeforces.com/contest/1787
(Div. 3),https://codeforces.com/contest/1790
(Div. 2),https://codeforces.com/contest/1780
(Rated for Div. 2),https://codeforces.com/contest/1792
(Div. 2) and ByteRace 2023,https://codeforces.com/contest/1777
(Engine),https://codeforces.com/contest/1781
"(Div. 1 + Div. 2, based on VK Cup 2022 - Elimination Round)",https://codeforces.com/contest/1782
(Div. 2),https://codeforces.com/contest/1775
(Rated for Div. 2),https://codeforces.com/contest/1783
(Div. 2),https://codeforces.com/contest/1768
(Hello 2023,https://codeforces.com/contest/1779
(Good Bye 2022: 2023 is NEAR,https://codeforces.com/contest/1770
(Div. 2) and Divide by Zero 2022,https://codeforces.com/contest/1731
(Div. 2) and Enigma 2022 - Cybros LNMIIT,https://codeforces.com/contest/1763
